categoria,seccion,codigo,link
Lavado,,1450,https://www.amahogar.com.ar/1450-lavado
Lavarropas,Lavado,1492,https://www.amahogar.com.ar/1492-lavarropas
Frontales,Lavarropas,1562,https://www.amahogar.com.ar/1562-frontales
Lavasecarropas,Lavarropas,1618,https://www.amahogar.com.ar/1618-lavasecarropas
Semiautomaticos,Lavarropas,1633,https://www.amahogar.com.ar/1633-semiautomaticos
Superiores,Lavarropas,1572,https://www.amahogar.com.ar/1572-superiores
Lavavajillas,Lavado,1499,https://www.amahogar.com.ar/1499-lavavajillas
Automaticos,Lavavajillas,1589,https://www.amahogar.com.ar/1589-automaticos
Secarropas,Lavado,1491,https://www.amahogar.com.ar/1491-secarropas
Centrifugos,Secarropas,1592,https://www.amahogar.com.ar/1592-centrifugos
Por aire caliente,Secarropas,1651,https://www.amahogar.com.ar/1651-por-aire-caliente
Cocina,,1451,https://www.amahogar.com.ar/1451-cocina
Anafes,Cocina,1475,https://www.amahogar.com.ar/1475-anafes
A gas an,Anafes,1568,https://www.amahogar.com.ar/1568-a-gas-an
Electricos an,Anafes,1630,https://www.amahogar.com.ar/1630-electricos-an
Aspiracion,Cocina,1494,https://www.amahogar.com.ar/1494-aspiracion
Campanas,Aspiracion,1549,https://www.amahogar.com.ar/1549-campanas
Extractores,Aspiracion,1591,https://www.amahogar.com.ar/1591-extractores
Purificadores,Aspiracion,1611,https://www.amahogar.com.ar/1611-purificadores
Bachas,Cocina,1476,https://www.amahogar.com.ar/1476-bachas
Bacha para cocina,Bachas,1653,https://www.amahogar.com.ar/1653-bacha-para-cocina
Cocinas,Cocina,1483,https://www.amahogar.com.ar/1483-cocinas
A gas co,Cocinas,1569,https://www.amahogar.com.ar/1569-a-gas-co
Electricas co,Cocinas,1629,https://www.amahogar.com.ar/1629-electricas-co
Hornos,Cocina,1477,https://www.amahogar.com.ar/1477-hornos
A gas ho,Hornos,1570,https://www.amahogar.com.ar/1570-a-gas-ho
Electricos ho,Hornos,1631,https://www.amahogar.com.ar/1631-electricos-ho
Otros ho,Hornos,1708,https://www.amahogar.com.ar/1708-otros-ho
Microondas hornitos,Cocina,1522,https://www.amahogar.com.ar/1522-microondas-hornitos
Hornitos electricos,Microondas-hornitos,1667,https://www.amahogar.com.ar/1667-hornitos-electricos
Microondas,Microondas-hornitos,1577,https://www.amahogar.com.ar/1577-microondas
Pequeaos electrodomesticos,,1467,https://www.amahogar.com.ar/1467-pequeaos-electrodomesticos
Cuidado personal,Pequeaos-electrodomesticos,1512,https://www.amahogar.com.ar/1512-cuidado-personal
De la mujer,Cuidado-personal,1583,https://www.amahogar.com.ar/1583-de-la-mujer
Para hombres,Cuidado-personal,1595,https://www.amahogar.com.ar/1595-para-hombres
Para la familia,Cuidado-personal,1627,https://www.amahogar.com.ar/1627-para-la-familia
Para el hogar,Pequeaos-electrodomesticos,1504,https://www.amahogar.com.ar/1504-para-el-hogar
De la cocina,Para-el-hogar,1603,https://www.amahogar.com.ar/1603-de-la-cocina
Para limpieza,Para-el-hogar,1610,https://www.amahogar.com.ar/1610-para-limpieza
Heladeras y freezer,,1460,https://www.amahogar.com.ar/1460-heladeras-y-freezer
Conservadoras,Heladeras-y-freezer,1506,https://www.amahogar.com.ar/1506-conservadoras
Cavas para vinos,Conservadoras,1643,https://www.amahogar.com.ar/1643-cavas-para-vinos
Para bebidas,Conservadoras,1594,https://www.amahogar.com.ar/1594-para-bebidas
Freezer,Heladeras-y-freezer,1481,https://www.amahogar.com.ar/1481-freezer
Horizontales,Freezer,1602,https://www.amahogar.com.ar/1602-horizontales
Verticales,Freezer,1578,https://www.amahogar.com.ar/1578-verticales
Heladeras con congelador,Heladeras-y-freezer,1523,https://www.amahogar.com.ar/1523-heladeras-con-congelador
Bajo mesada,Heladeras-con-congelador,1587,https://www.amahogar.com.ar/1587-bajo-mesada
Frigobar,Heladeras-con-congelador,1712,https://www.amahogar.com.ar/1712-frigobar
Un frio,Heladeras-con-congelador,1539,https://www.amahogar.com.ar/1539-un-frio
Heladeras con freezer,Heladeras-y-freezer,1521,https://www.amahogar.com.ar/1521-heladeras-con-freezer
Dos frios,Heladeras-con-freezer,1556,https://www.amahogar.com.ar/1556-dos-frios
No frost,Heladeras-con-freezer,1547,https://www.amahogar.com.ar/1547-no-frost
Side by side,Heladeras-con-freezer,1600,https://www.amahogar.com.ar/1600-side-by-side
Aires acondicionados,,1462,https://www.amahogar.com.ar/1462-aires-acondicionados
Climatizadores,Aires-acondicionados,1507,https://www.amahogar.com.ar/1507-climatizadores
Frio calor cl,Climatizadores,1636,https://www.amahogar.com.ar/1636-frio-calor-cl
Frio solo cl,Climatizadores,1740,https://www.amahogar.com.ar/1740-frio-solo-cl
Portatiles,Aires-acondicionados,1495,https://www.amahogar.com.ar/1495-portatiles
Frio calor po,Portatiles,1637,https://www.amahogar.com.ar/1637-frio-calor-po
Frio solo po,Portatiles,1620,https://www.amahogar.com.ar/1620-frio-solo-po
Split,Aires-acondicionados,1470,https://www.amahogar.com.ar/1470-split
Frio calor sp,Split,1638,https://www.amahogar.com.ar/1638-frio-calor-sp
Frio solo sp,Split,1621,https://www.amahogar.com.ar/1621-frio-solo-sp
Piso techo,Split,1604,https://www.amahogar.com.ar/1604-piso-techo
Ventana,Aires-acondicionados,1484,https://www.amahogar.com.ar/1484-ventana
Frio calor ve,Ventana,1635,https://www.amahogar.com.ar/1635-frio-calor-ve
Frio solo ve,Ventana,1622,https://www.amahogar.com.ar/1622-frio-solo-ve
Ventilacion,Aires-acondicionados,1498,https://www.amahogar.com.ar/1498-ventilacion
De pie y de mesa,Ventilacion,1647,https://www.amahogar.com.ar/1647-de-pie-y-de-mesa
De techo y pared,Ventilacion,1649,https://www.amahogar.com.ar/1649-de-techo-y-pared
Turbos y torres,Ventilacion,1628,https://www.amahogar.com.ar/1628-turbos-y-torres
Agua caliente,,1457,https://www.amahogar.com.ar/1457-agua-caliente
Bombas,Agua-caliente,1473,https://www.amahogar.com.ar/1473-bombas
Presurizadoras,Bombas,1623,https://www.amahogar.com.ar/1623-presurizadoras
Calderas,Agua-caliente,1486,https://www.amahogar.com.ar/1486-calderas
Duales,Calderas,1535,https://www.amahogar.com.ar/1535-duales
Solo calefaccion,Calderas,1645,https://www.amahogar.com.ar/1645-solo-calefaccion
Calefones,Agua-caliente,1487,https://www.amahogar.com.ar/1487-calefones
Tiro balanceado ag,Calefones,1674,https://www.amahogar.com.ar/1674-tiro-balanceado-ag
Tiro forzado ag,Calefones,1654,https://www.amahogar.com.ar/1654-tiro-forzado-ag
Tiro natural ag,Calefones,1656,https://www.amahogar.com.ar/1656-tiro-natural-ag
Radiadores p calefaccion,Agua-caliente,1524,https://www.amahogar.com.ar/1524-radiadores-p-calefaccion
Radiadores y toalleros,Radiadores-p-calefaccion,1680,https://www.amahogar.com.ar/1680-radiadores-y-toalleros
Termotanques,Agua-caliente,1502,https://www.amahogar.com.ar/1502-termotanques
Alta recuperacion,Termotanques,1652,https://www.amahogar.com.ar/1652-alta-recuperacion
Convencionales,Termotanques,1625,https://www.amahogar.com.ar/1625-convencionales
Electricos,Termotanques,1571,https://www.amahogar.com.ar/1571-electricos
Solares,Termotanques,1695,https://www.amahogar.com.ar/1695-solares
Calefaccion,,1453,https://www.amahogar.com.ar/1453-calefaccion
A leaa,Calefaccion,1474,https://www.amahogar.com.ar/1474-a-leaa
Salamandras estufas,A-leaa,1580,https://www.amahogar.com.ar/1580-salamandras-estufas
Calefactores a gas,Calefaccion,1516,https://www.amahogar.com.ar/1516-calefactores-a-gas
Infrarrojo ca,Calefactores-a-gas,1640,https://www.amahogar.com.ar/1640-infrarrojo-ca
Para exterior ca,Calefactores-a-gas,1659,https://www.amahogar.com.ar/1659-para-exterior-ca
Tiro balanceado ca,Calefactores-a-gas,1673,https://www.amahogar.com.ar/1673-tiro-balanceado-ca
Tiro natural ca,Calefactores-a-gas,1655,https://www.amahogar.com.ar/1655-tiro-natural-ca
Estufas electricas,Calefaccion,1518,https://www.amahogar.com.ar/1518-estufas-electricas
Para exterior el,Estufas-electricas,1660,https://www.amahogar.com.ar/1660-para-exterior-el
Por aire,Estufas-electricas,1542,https://www.amahogar.com.ar/1542-por-aire
Por conveccion,Estufas-electricas,1617,https://www.amahogar.com.ar/1617-por-conveccion
Hogares,Calefaccion,1479,https://www.amahogar.com.ar/1479-hogares
De chapa,Hogares,1544,https://www.amahogar.com.ar/1544-de-chapa
Televisores,,1454,https://www.amahogar.com.ar/1454-televisores
Accesorios,Televisores,1493,https://www.amahogar.com.ar/1493-accesorios
Complementarios,Accesorios,1639,https://www.amahogar.com.ar/1639-complementarios
Soportes,Accesorios,1548,https://www.amahogar.com.ar/1548-soportes
Led tv,Televisores,1472,https://www.amahogar.com.ar/1472-led-tv
3d,Led-tv,1528,https://www.amahogar.com.ar/1528-3d
Led tv,Led-tv,1541,https://www.amahogar.com.ar/1541-led-tv
Smart,Led-tv,1530,https://www.amahogar.com.ar/1530-smart
Audio video,,1458,https://www.amahogar.com.ar/1458-audio-video
Audio,Audio-video,1469,https://www.amahogar.com.ar/1469-audio
Home theater,Audio,1601,https://www.amahogar.com.ar/1601-home-theater
Mini y microcomponentes,Audio,1682,https://www.amahogar.com.ar/1682-mini-y-microcomponentes
Portatiles,Audio,1579,https://www.amahogar.com.ar/1579-portatiles
Stereos y parlantes,Audio,1668,https://www.amahogar.com.ar/1668-stereos-y-parlantes
Video,Audio-video,1468,https://www.amahogar.com.ar/1468-video
Camaras y filmadoras,Video,1669,https://www.amahogar.com.ar/1669-camaras-y-filmadoras
Dvd blue ray,Video,1616,https://www.amahogar.com.ar/1616-dvd-blue-ray
Proyectores,Video,1593,https://www.amahogar.com.ar/1593-proyectores
Computacion telefonia,,1465,https://www.amahogar.com.ar/1465-computacion-telefonia
Computacion,Computacion-telefonia,1497,https://www.amahogar.com.ar/1497-computacion
Aio y gps,Computacion,1555,https://www.amahogar.com.ar/1555-aio-y-gps
Notebook y tablets,Computacion,1661,https://www.amahogar.com.ar/1661-notebook-y-tablets
Pc y monitores,Computacion,1626,https://www.amahogar.com.ar/1626-pc-y-monitores
Telefonia,Computacion-telefonia,1488,https://www.amahogar.com.ar/1488-telefonia
Celulares,Telefonia,1567,https://www.amahogar.com.ar/1567-celulares
Telefonos y fax,Telefonia,1632,https://www.amahogar.com.ar/1632-telefonos-y-fax
Productos comerciales,,1464,https://www.amahogar.com.ar/1464-productos-comerciales
Para negocios,Productos-comerciales,1505,https://www.amahogar.com.ar/1505-para-negocios
Cocinas y hornos,Para-negocios,1644,https://www.amahogar.com.ar/1644-cocinas-y-hornos
Exhibidoras y freezer,Para-negocios,1677,https://www.amahogar.com.ar/1677-exhibidoras-y-freezer
Varios,Para-negocios,1534,https://www.amahogar.com.ar/1534-varios
Casa y jardin,,1456,https://www.amahogar.com.ar/1456-casa-y-jardin
Costura,Casa-y-jardin,1485,https://www.amahogar.com.ar/1485-costura
Maquinas de coser,Costura,1658,https://www.amahogar.com.ar/1658-maquinas-de-coser
Elementos de trabajo,Casa-y-jardin,1520,https://www.amahogar.com.ar/1520-elementos-de-trabajo
Herramientas,Elementos-de-trabajo,1606,https://www.amahogar.com.ar/1606-herramientas
Para espacios verdes,Elementos-de-trabajo,1670,https://www.amahogar.com.ar/1670-para-espacios-verdes
Tiempo libre,Casa-y-jardin,1501,https://www.amahogar.com.ar/1501-tiempo-libre
Asadores,Tiempo-libre,1546,https://www.amahogar.com.ar/1546-asadores
Camping,Tiempo-libre,1707,https://www.amahogar.com.ar/1707-camping
Deportes y fitness,Tiempo-libre,1663,https://www.amahogar.com.ar/1663-deportes-y-fitness
Piletas,Tiempo-libre,1538,https://www.amahogar.com.ar/1538-piletas
Muebles y colchones,,1461,https://www.amahogar.com.ar/1461-muebles-y-colchones
Confort,Muebles-y-colchones,1482,https://www.amahogar.com.ar/1482-confort
Almohadas,Confort,1563,https://www.amahogar.com.ar/1563-almohadas
Camas,Confort,1529,https://www.amahogar.com.ar/1529-camas
Colchones y sommiers,Confort,1671,https://www.amahogar.com.ar/1671-colchones-y-sommiers
Muebles,Muebles-y-colchones,1480,https://www.amahogar.com.ar/1480-muebles
Juegos,Muebles,1532,https://www.amahogar.com.ar/1532-juegos
Organizadores y tablas,Muebles,1679,https://www.amahogar.com.ar/1679-organizadores-y-tablas
Racks y roperos,Muebles,1634,https://www.amahogar.com.ar/1634-racks-y-roperos
Reposeras y sillones,Muebles,1672,https://www.amahogar.com.ar/1672-reposeras-y-sillones
Sillas y mesas,Muebles,1619,https://www.amahogar.com.ar/1619-sillas-y-mesas
